product_id,title,condition,resale_price,location
L0283,Lenovo Ideapad 320-15IKBN 6GB Used good condition,Used,289.5,Chennai
L0410,Lenovo ThinkPad P51 8GB Used good condition,Used,962.5,Bangalore
L0583,Dell Latitude 5580 16GB Like New good condition,Like New,1229.91,Bangalore
L0407,Dell Latitude 7480 8GB Like New good condition,Like New,1344.0,Bangalore
L0509,Lenovo Legion Y520-15IKBN 8GB Like New good condition,Like New,919.2,Bangalore
L0905,LG Gram 15Z970 16GB Like New good condition,Like New,1679.2,Chennai
L0375,HP 15-bw003nv (A9-Series-9420/4GB/256GB/FHD/W10) 4GB Like New good condition,Like New,391.19,Mumbai
L0490,Lenovo Thinkpad E570 8GB Used good condition,Used,506.0,Chennai
L0063,Asus UX410UA-GV350T (i5-8250U/8GB/256GB/FHD/W10) 8GB Like New good condition,Like New,752.8,Chennai
L0416,Dell Latitude 3380 4GB Used good condition,Used,344.5,Bangalore
L0990,HP EliteBook Folio 8GB Used good condition,Used,954.0,Hyderabad
L0323,HP ProBook 450 8GB Used good condition,Used,451.0,Mumbai
L0233,Dell Vostro 5468 8GB Like New good condition,Like New,687.2,Mumbai
L0388,Dell Precision 5520 8GB Refurbished good condition,Refurbished,1387.75,Bangalore
L0698,Toshiba Portege Z30T-C-133 16GB Refurbished good condition,Refurbished,1220.05,Bangalore
L0302,Lenovo IdeaPad 320-17IKB 6GB Like New good condition,Like New,519.2,Mumbai
L0273,Lenovo ThinkPad X1 16GB Used good condition,Used,1249.5,Hyderabad
L1273,HP 15-AC110nv (i7-6500U/6GB/1TB/Radeon 6GB Used good condition,Used,382.0,Hyderabad
L0797,Dell Latitude 3580 8GB Used good condition,Used,405.0,Mumbai
L0714,Dell Latitude 5580 16GB Refurbished good condition,Refurbished,927.33,Bangalore
L0197,HP ProBook 430 8GB Used good condition,Used,479.5,Bangalore
L0526,Lenovo IdeaPad 320-15IKB 4GB Like New good condition,Like New,639.2,Bangalore
L0743,Lenovo Flex 5 8GB Like New good condition,Like New,799.2,Bangalore
L0987,Lenovo Legion Y520-15IKBN 8GB Like New good condition,Like New,951.2,Chennai
L0559,Dell Vostro 3568 4GB Used good condition,Used,308.95,Chennai
L0194,Dell Inspiron 5379 8GB Like New good condition,Like New,671.2,Hyderabad
L1144,HP Spectre Pro 8GB Like New good condition,Like New,1439.2,Mumbai
L0100,HP 15-bs017nv (i7-7500U/8GB/256GB/Radeon 8GB Refurbished good condition,Refurbished,467.35,Hyderabad
L0114,Dell XPS 13 8GB Used good condition,Used,814.5,Hyderabad
L1159,HP Spectre Pro 8GB Used good condition,Used,1020.5,Mumbai
L0147,Asus X541NA (N3350/4GB/1TB/FHD/W10) 4GB Used good condition,Used,172.0,Bangalore
L0336,Dell Inspiron 7570 8GB Used good condition,Used,524.5,Hyderabad
L0159,Toshiba Satellite Pro 4GB Like New good condition,Like New,357.6,Chennai
L0584,Dell Chromebook 11 4GB Used good condition,Used,147.5,Hyderabad
L0886,Dell Vostro 3568 4GB Used good condition,Used,227.85,Mumbai
L1041,Vero V142 (X5-Z8350/2GB/32GB/W10) 2GB Like New good condition,Like New,168.64,Hyderabad
L0963,Toshiba Portege X20W-D-10V 8GB Used good condition,Used,895.0,Hyderabad
L0791,Vero K146 (N3350/4GB/32GB/W10) 4GB Used good condition,Used,101.45,Hyderabad
L0802,Dell XPS 13 8GB Refurbished good condition,Refurbished,974.35,Mumbai
L1186,Dell Inspiron 5578 16GB Refurbished good condition,Refurbished,766.35,Hyderabad
L0612,Dell Vostro 3568 4GB Refurbished good condition,Refurbished,288.53,Chennai
L0994,Dell Inspiron 5378 8GB Used good condition,Used,444.5,Chennai
L0538,HP Omen 15-ce006nv 12GB Used good condition,Used,899.5,Chennai
L0531,Toshiba Satellite Pro 8GB Like New good condition,Like New,688.0,Bangalore
L1044,HP EliteBook 840 4GB Refurbished good condition,Refurbished,650.0,Chennai
L1151,HP 15-BA015wm (E2-7110/4GB/500GB/W10) 4GB Like New good condition,Like New,237.6,Chennai
L0405,Asus Zenbook 3 8GB Like New good condition,Like New,1498.4,Mumbai
L1254,Dell Inspiron 3552 4GB Like New good condition,Like New,355.19,Hyderabad
L0314,Asus VivoBook Flip 2GB Like New good condition,Like New,220.0,Hyderabad
L0601,HP ProBook 450 4GB Used good condition,Used,334.24,Bangalore
L1111,Dell Vostro 3559 4GB Refurbished good condition,Refurbished,499.95,Mumbai
L0442,Lenovo ThinkPad X270 8GB Like New good condition,Like New,1143.2,Hyderabad
L0631,Dell Inspiron 7567 16GB Used good condition,Used,739.5,Bangalore
L0835,Dell Alienware 15 16GB Refurbished good condition,Refurbished,1803.51,Mumbai
L0485,Lenovo ThinkPad E480 8GB Used good condition,Used,524.5,Hyderabad
L0354,Toshiba Tecra A50-C-21G 16GB Like New good condition,Like New,1122.4,Mumbai
L1064,MSI GS63VR 6RF 16GB Used good condition,Used,964.5,Hyderabad
L0642,Lenovo ThinkPad X1 16GB Like New good condition,Like New,1960.0,Hyderabad
L1288,Asus X553SA-XX031T (N3050/4GB/500GB/W10) 4GB Refurbished good condition,Refurbished,239.85,Hyderabad
L0598,Dell Latitude 5289 8GB Like New good condition,Like New,1336.0,Chennai
L0967,HP ProBook 450 4GB Used good condition,Used,342.5,Hyderabad
L1048,Lenovo IdeaPad Y900-17ISK 16GB Refurbished good condition,Refurbished,1488.49,Chennai
L0622,Dell Inspiron 5570 4GB Like New good condition,Like New,620.8,Mumbai
L0072,Dell Inspiron 5570 8GB Refurbished good condition,Refurbished,565.5,Hyderabad
L0234,Acer Aspire R7 8GB Like New good condition,Like New,551.2,Hyderabad
L0209,Lenovo IdeaPad 320-15IKBN 8GB Refurbished good condition,Refurbished,388.05,Hyderabad
L1082,Lenovo Yoga Book 4GB Used good condition,Used,323.13,Bangalore
L0596,Lenovo ThinkPad Yoga 8GB Used good condition,Used,1012.5,Bangalore
L0653,MSI GL62M 7REX 8GB Used good condition,Used,595.9,Mumbai
L0697,Asus Chromebook Flip 4GB Refurbished good condition,Refurbished,434.85,Chennai
L0461,Acer TravelMate B 4GB Refurbished good condition,Refurbished,282.75,Chennai
L0996,HP Spectre 13-V111dx 8GB Used good condition,Used,674.5,Chennai
L1214,Asus ROG Strix 16GB Like New good condition,Like New,1559.2,Mumbai
L1256,Asus Rog G752VT-GC073T 16GB Used good condition,Used,950.0,Chennai
L0447,Dell Precision 3520 8GB Used good condition,Used,996.5,Hyderabad
L0218,Dell Latitude 5490 8GB Like New good condition,Like New,919.2,Mumbai
L0403,Acer Aspire 7 8GB Like New good condition,Like New,703.2,Mumbai
L1270,Lenovo Yoga 500-14ISK 4GB Refurbished good condition,Refurbished,414.7,Mumbai
L0897,HP ProBook 450 8GB Refurbished good condition,Refurbished,585.0,Bangalore
L0286,Lenovo Thinkpad T570 8GB Like New good condition,Like New,877.6,Mumbai
L0805,HP EliteBook 820 8GB Refurbished good condition,Refurbished,902.85,Bangalore
L0481,Dell Vostro 3568 4GB Refurbished good condition,Refurbished,381.29,Bangalore
L1166,Lenovo ThinkPad T570 8GB Refurbished good condition,Refurbished,903.5,Chennai
L1164,HP 250 G4 4GB Used good condition,Used,238.5,Chennai
L0691,Lenovo IdeaPad 520s-14IKB 4GB Like New good condition,Like New,559.2,Mumbai
L0851,Asus Rog GL502VM-DS74 16GB Like New good condition,Like New,1519.2,Mumbai
L1152,Lenovo B51-80 (i5-6200U/8GB/1TB/Radeon 8GB Used good condition,Used,299.5,Hyderabad
L0401,Asus FX753VD-GC461T (i7-7700HQ/16GB/1TB 16GB Like New good condition,Like New,1223.2,Chennai
L0223,HP ProBook 450 8GB Like New good condition,Like New,635.2,Mumbai
L0045,Apple MacBook Pro 8GB Like New good condition,Like New,1135.2,Bangalore
L0537,HP 250 G6 4GB Used good condition,Used,199.5,Hyderabad
L0706,Acer Spin 5 8GB Refurbished good condition,Refurbished,649.35,Hyderabad
L0500,Asus VivoBook E201NA 4GB Refurbished good condition,Refurbished,221.0,Mumbai
L0265,Dell Inspiron 5579 8GB Used good condition,Used,399.5,Chennai
L0983,Fujitsu LifeBook A556 4GB Like New good condition,Like New,519.2,Chennai
L0547,Lenovo V310-15ISK (i5-6200U/4GB/1TB/FHD/No 4GB Refurbished good condition,Refurbished,300.53,Mumbai
L0535,Dell Latitude 5580 8GB Used good condition,Used,684.5,Mumbai
L0312,MSI GE63VR 7RF 16GB Like New good condition,Like New,1679.2,Hyderabad
L1183,Acer Aspire 3 4GB Used good condition,Used,166.5,Mumbai
L0527,Lenovo IdeaPad 320-15ISK 8GB Used good condition,Used,229.5,Bangalore
L1212,MSI GS73VR Stealth 16GB Refurbished good condition,Refurbished,1266.84,Mumbai
L0529,Dell Latitude 5580 8GB Refurbished good condition,Refurbished,895.05,Chennai
L0875,Dell Latitude 7280 8GB Like New good condition,Like New,1352.0,Hyderabad
L0313,Acer ES1-523-84K7 (A8-7410/8GB/256GB/FHD/W10) 8GB Refurbished good condition,Refurbished,304.85,Chennai
L0034,Apple MacBook Air 8GB Used good condition,Used,499.0,Bangalore
L0794,"Apple MacBook 12"" 8GB Used good condition",Used,582.5,Bangalore
L1003,HP Probook 440 4GB Used good condition,Used,389.5,Chennai
L0374,Dell Inspiron 5379 8GB Like New good condition,Like New,695.21,Bangalore
L0369,HP Elitebook 1040 8GB Used good condition,Used,875.0,Mumbai
L0055,Dell Inspiron 3576 8GB Used good condition,Used,383.9,Mumbai
L0624,HP EliteBook 850 4GB Used good condition,Used,466.0,Chennai
L0911,HP Elitebook Folio 8GB Used good condition,Used,1550.0,Chennai
L0592,Dell Inspiron 3179 4GB Refurbished good condition,Refurbished,391.95,Hyderabad
L1169,MSI PL60 7RD 8GB Like New good condition,Like New,671.2,Mumbai
L0823,MSI GL62M 7RD 8GB Like New good condition,Like New,959.2,Hyderabad
L0124,Acer Aspire 3 4GB Refurbished good condition,Refurbished,293.15,Chennai
L0179,HP Spectre x360 8GB Like New good condition,Like New,1199.2,Hyderabad
L0075,Asus FX503VD-E4022T (i7-7700HQ/8GB/1TB/GeForce 8GB Like New good condition,Like New,759.2,Chennai
L1000,Acer Nitro 5 8GB Refurbished good condition,Refurbished,819.0,Chennai
L0870,Lenovo ThinkPad L570 4GB Refurbished good condition,Refurbished,685.75,Mumbai
L0879,HP ProBook 450 4GB Used good condition,Used,419.5,Bangalore
L0973,Toshiba Tecra A40-C-1DF 8GB Like New good condition,Like New,944.0,Chennai
L1227,Dell Vostro 3568 4GB Like New good condition,Like New,417.49,Hyderabad
L0883,Lenovo IdeaPad 510-15ISK 8GB Refurbished good condition,Refurbished,434.85,Bangalore
L0746,Samsung Notebook 9 16GB Used good condition,Used,824.5,Hyderabad
L0433,Lenovo Thinkpad T570 16GB Refurbished good condition,Refurbished,1589.25,Hyderabad
L0438,Lenovo ThinkPad T470s 24GB Used good condition,Used,1191.0,Chennai
L0129,HP ProBook 470 8GB Refurbished good condition,Refurbished,603.2,Bangalore
L0881,HP Pavilion x360 4GB Used good condition,Used,342.4,Mumbai
L1061,Asus Rog G752VL-GC088D 16GB Like New good condition,Like New,798.4,Bangalore
L0287,Asus VivoBook S15 8GB Refurbished good condition,Refurbished,635.05,Chennai
L0840,Asus Rog GL702VM-GC017T 16GB Like New good condition,Like New,1439.2,Mumbai
L1202,Dell Inspiron 5579 16GB Used good condition,Used,642.5,Mumbai
L0378,Asus VivoBook E403NA 4GB Refurbished good condition,Refurbished,185.9,Bangalore
L0030,"Chuwi LapBook 15.6"" 4GB Refurbished good condition",Refurbished,159.24,Hyderabad
L0350,Dell XPS 15 16GB Used good condition,Used,1013.71,Hyderabad
L0192,Xiaomi Mi Notebook 8GB Refurbished good condition,Refurbished,649.94,Bangalore
L0007,Apple Macbook Air 8GB Like New good condition,Like New,926.96,Mumbai
L1272,Lenovo IdeaPad 100S-14IBR 2GB Used good condition,Used,114.5,Bangalore
L0940,HP Omen 17-W006na 8GB Used good condition,Used,699.5,Mumbai
L1056,HP 250 G5 4GB Used good condition,Used,249.5,Chennai
L0104,Microsoft Surface Laptop 8GB Refurbished good condition,Refurbished,871.0,Hyderabad
L1259,MSI GE62 Apache 8GB Refurbished good condition,Refurbished,798.85,Bangalore
L0325,Lenovo IdeaPad 120S-14IAP 4GB Refurbished good condition,Refurbished,189.8,Hyderabad
L1075,Lenovo IdeaPad 300-17ISK 8GB Refurbished good condition,Refurbished,428.35,Chennai
L0663,HP 15-ay047nv (i3-6006U/6GB/1TB/Radeon 6GB Like New good condition,Like New,431.2,Mumbai
L0024,HP 15-BS101nv (i7-8550U/8GB/256GB/FHD/W10) 8GB Used good condition,Used,329.5,Bangalore
L0650,Asus ROG G701VI 32GB Like New good condition,Like New,2239.2,Chennai
L0003,Apple MacBook Pro 16GB Like New good condition,Like New,2029.96,Mumbai
L0595,Lenovo IdeaPad 110-15ISK 8GB Like New good condition,Like New,367.2,Bangalore
L1161,MSI GS40 Phantom 16GB Refurbished good condition,Refurbished,1149.85,Hyderabad
L1025,HP Elitebook 820 4GB Like New good condition,Like New,1247.2,Bangalore
L0571,HP 14-am079na (N3710/8GB/2TB/W10) 8GB Like New good condition,Like New,311.2,Hyderabad
L0144,HP 255 G6 4GB Refurbished good condition,Refurbished,239.85,Chennai
L0856,Asus X541NA (N4200/4GB/1TB/W10) 4GB Refurbished good condition,Refurbished,291.85,Hyderabad
L0120,Acer Spin 3 6GB Used good condition,Used,239.5,Mumbai
L0854,Asus K556UR-DM621T (i7-7500U/8GB/256GB/GeForce 8GB Like New good condition,Like New,629.6,Hyderabad
L0867,Lenovo ThinkPad Yoga 8GB Like New good condition,Like New,1560.0,Chennai
L0054,Acer Aspire 3 4GB Refurbished good condition,Refurbished,249.6,Mumbai
L1002,Dell Vostro 3568 4GB Like New good condition,Like New,437.6,Chennai
L0127,Asus E402WA-GA007T (E2-6110/4GB/64GB/W10 4GB Refurbished good condition,Refurbished,180.69,Bangalore
L1114,Lenovo Yoga Book 4GB Like New good condition,Like New,439.2,Mumbai
L1011,HP EliteBook 820 4GB Like New good condition,Like New,1231.2,Hyderabad
L0291,Asus FX753VD-GC071T (i7-7700HQ/8GB/1TB/GeForce 8GB Used good condition,Used,593.5,Hyderabad
L0779,Asus Vivobook Max 8GB Like New good condition,Like New,465.52,Mumbai
L0828,Acer Chromebook 11 4GB Refurbished good condition,Refurbished,230.75,Mumbai
L0865,HP Probook 450 4GB Used good condition,Used,455.0,Bangalore
L0773,Dell Inspiron 7567 8GB Refurbished good condition,Refurbished,714.35,Mumbai
L0899,Dell Latitude 5580 8GB Like New good condition,Like New,748.0,Mumbai
L0735,Lenovo V310-15IKB (i7-7500U/4GB/1TB/FHD/W10) 4GB Used good condition,Used,389.5,Bangalore
L0512,Dell Vostro 5568 8GB Used good condition,Used,418.0,Bangalore
L0665,Toshiba Satellite Pro 4GB Like New good condition,Like New,398.4,Hyderabad
L0295,Lenovo Legion Y720-15IKB 8GB Used good condition,Used,649.5,Bangalore
L0119,Asus VivoBook S15 8GB Refurbished good condition,Refurbished,726.7,Chennai
L1217,Lenovo IdeaPad 320-17IKB 8GB Refurbished good condition,Refurbished,350.35,Hyderabad
L0208,Dell XPS 13 8GB Like New good condition,Like New,1159.2,Hyderabad
L0122,Lenovo IdeaPad 320-15IKBN 8GB Used good condition,Used,314.5,Hyderabad
L0929,HP ProBook 640 4GB Refurbished good condition,Refurbished,746.85,Bangalore
L0339,Dell Inspiron 7570 8GB Used good condition,Used,571.38,Bangalore
L0540,Dell XPS 13 8GB Like New good condition,Like New,1119.2,Mumbai
L0377,Dell Inspiron 3552 4GB Refurbished good condition,Refurbished,200.85,Bangalore
L1251,HP 255 G6 4GB Used good condition,Used,199.5,Bangalore
L0894,MSI GS73VR Stealth 16GB Used good condition,Used,1324.5,Mumbai
L0908,Lenovo IdeaPad Y700-15ISK 8GB Used good condition,Used,394.5,Hyderabad
L0938,Dell Latitude 7480 8GB Refurbished good condition,Refurbished,1065.35,Mumbai
L1106,MSI GE72 Apache 8GB Used good condition,Used,755.6,Bangalore
L1039,HP ProBook 440 8GB Used good condition,Used,505.25,Chennai
L0575,Mediacom SmartBook 141 4GB Used good condition,Used,124.5,Hyderabad
L0701,Lenovo IdeaPad 320-15AST 4GB Used good condition,Used,199.5,Mumbai
L1216,Acer E5 774G 4GB Used good condition,Used,299.0,Hyderabad
L1015,Toshiba Portege A30-C-1CZ 8GB Refurbished good condition,Refurbished,786.5,Mumbai
L0204,Dell Precision 7520 16GB Refurbished good condition,Refurbished,1985.75,Mumbai
L0501,HP 15-BS026nv (i5-7200U/8GB/256GB/Radeon 8GB Used good condition,Used,309.5,Hyderabad
L0195,HP ProBook 470 8GB Used good condition,Used,457.0,Mumbai
L0428,HP Omen 17-w207nv 12GB Used good condition,Used,999.5,Hyderabad
L0610,Lenovo Thinkpad P51 32GB Used good condition,Used,2449.5,Mumbai
L0580,Mediacom SmartBook Edge 4GB Like New good condition,Like New,311.2,Mumbai
L0306,HP EliteBook x360 16GB Like New good condition,Like New,1580.0,Mumbai
L0048,Dell Inspiron 3567 4GB Refurbished good condition,Refurbished,415.35,Bangalore
L0012,Apple MacBook Pro 16GB Refurbished good condition,Refurbished,1585.98,Bangalore
